-- phpMyAdmin SQL Dump
-- version 4.2.11
-- http://www.phpmyadmin.net
--
-- Servidor: localhost
-- Tiempo de generación: 04-02-2015 a las 11:56:17
-- Versión del servidor: 5.6.21
-- Versión de PHP: 5.6.3

SET SQL_MODE = "NO_AUTO_VALUE_ON_ZERO";
SET time_zone = "+00:00";


/*!40101 SET @OLD_CHARACTER_SET_CLIENT=@@CHARACTER_SET_CLIENT */;
/*!40101 SET @OLD_CHARACTER_SET_RESULTS=@@CHARACTER_SET_RESULTS */;
/*!40101 SET @OLD_COLLATION_CONNECTION=@@COLLATION_CONNECTION */;
/*!40101 SET NAMES utf8 */;

--
-- Base de datos: `proyectoweb`
--

-- --------------------------------------------------------

--
-- Estructura de tabla para la tabla `concepto`
--

CREATE TABLE IF NOT EXISTS `concepto` (
  `cantidad` float(8,2) NOT NULL,
  `importe` float(8,2) NOT NULL,
  `venta_id` int(10) unsigned DEFAULT NULL,
  `producto_id` int(10) unsigned DEFAULT NULL,
  `created_at` timestamp NOT NULL DEFAULT '0000-00-00 00:00:00',
  `updated_at` timestamp NOT NULL DEFAULT '0000-00-00 00:00:00'
) ENGINE=InnoDB DEFAULT CHARSET=utf8 COLLATE=utf8_spanish_ci;

--
-- Volcado de datos para la tabla `concepto`
--

INSERT INTO `concepto` (`cantidad`, `importe`, `venta_id`, `producto_id`, `created_at`, `updated_at`) VALUES
(1.00, 1053.00, 1, 1053, '2015-02-01 01:24:20', '2015-02-01 01:24:20'),
(1.00, 1051.00, 1, 1051, '2015-02-01 01:24:20', '2015-02-01 01:24:20'),
(1.00, 1054.00, 1, 1054, '2015-02-01 01:24:20', '2015-02-01 01:24:20'),
(1.00, 1047.00, 1, 1047, '2015-02-01 01:24:20', '2015-02-01 01:24:20'),
(1.00, 1085.00, 1, 1085, '2015-02-01 01:24:20', '2015-02-01 01:24:20'),
(1.00, 1081.00, 1, 1081, '2015-02-01 01:24:20', '2015-02-01 01:24:20'),
(1.00, 1089.00, 1, 1089, '2015-02-01 01:24:20', '2015-02-01 01:24:20'),
(1.00, 1091.00, 1, 1091, '2015-02-01 01:24:20', '2015-02-01 01:24:20'),
(1.00, 1087.00, 1, 1087, '2015-02-01 01:24:20', '2015-02-01 01:24:20'),
(1.00, 1084.00, 1, 1084, '2015-02-01 01:24:20', '2015-02-01 01:24:20'),
(1.00, 1088.00, 1, 1088, '2015-02-01 01:24:20', '2015-02-01 01:24:20'),
(1.00, 1086.00, 1, 1086, '2015-02-01 01:24:20', '2015-02-01 01:24:20'),
(2.00, 6.00, 2, 3, '2015-02-01 02:20:26', '2015-02-01 02:20:26'),
(2.00, 2224.00, 2, 1112, '2015-02-01 02:20:26', '2015-02-01 02:20:26'),
(1.00, 1068.00, 2, 1068, '2015-02-01 02:20:26', '2015-02-01 02:20:26'),
(1.00, 1070.00, 2, 1070, '2015-02-01 02:20:26', '2015-02-01 02:20:26'),
(1.00, 1113.00, 3, 1113, '2015-02-01 02:36:47', '2015-02-01 02:36:47'),
(1.00, 1115.00, 3, 1115, '2015-02-01 02:36:47', '2015-02-01 02:36:47'),
(1.00, 1068.00, 3, 1068, '2015-02-01 02:36:47', '2015-02-01 02:36:47'),
(1.00, 1114.00, 3, 1114, '2015-02-01 02:36:48', '2015-02-01 02:36:48'),
(1.00, 1112.00, 3, 1112, '2015-02-01 02:36:48', '2015-02-01 02:36:48'),
(1.00, 1169.00, 4, 1169, '2015-02-02 06:00:43', '2015-02-02 06:00:43'),
(1.00, 1171.00, 4, 1171, '2015-02-02 06:00:43', '2015-02-02 06:00:43'),
(2.00, 2336.00, 4, 1168, '2015-02-02 06:00:43', '2015-02-02 06:00:43'),
(3.00, 3516.00, 4, 1172, '2015-02-02 06:00:44', '2015-02-02 06:00:44'),
(1.00, 1170.00, 4, 1170, '2015-02-02 06:00:44', '2015-02-02 06:00:44'),
(3.00, 3501.00, 4, 1167, '2015-02-02 06:00:44', '2015-02-02 06:00:44'),
(1.00, 1069.00, 5, 1069, '2015-02-02 06:00:54', '2015-02-02 06:00:54'),
(3.00, 9.00, 5, 3, '2015-02-02 06:00:54', '2015-02-02 06:00:54'),
(2.00, 2228.00, 5, 1114, '2015-02-02 06:00:54', '2015-02-02 06:00:54'),
(2.00, 2230.00, 5, 1115, '2015-02-02 06:00:54', '2015-02-02 06:00:54'),
(3.00, 3339.00, 5, 1113, '2015-02-02 06:00:54', '2015-02-02 06:00:54'),
(2.00, 2136.00, 5, 1068, '2015-02-02 06:00:54', '2015-02-02 06:00:54'),
(1.00, 1113.00, 6, 1113, '2015-02-02 06:01:05', '2015-02-02 06:01:05'),
(3.00, 9.00, 6, 3, '2015-02-02 06:01:05', '2015-02-02 06:01:05'),
(1.00, 1114.00, 6, 1114, '2015-02-02 06:01:05', '2015-02-02 06:01:05'),
(1.00, 1112.00, 6, 1112, '2015-02-02 06:01:05', '2015-02-02 06:01:05'),
(1.00, 1068.00, 6, 1068, '2015-02-02 06:01:05', '2015-02-02 06:01:05'),
(1.00, 1115.00, 6, 1115, '2015-02-02 06:01:05', '2015-02-02 06:01:05'),
(1.00, 1070.00, 7, 1070, '2015-02-02 06:01:09', '2015-02-02 06:01:09'),
(1.00, 1068.00, 7, 1068, '2015-02-02 06:01:09', '2015-02-02 06:01:09'),
(1.00, 3.00, 7, 3, '2015-02-02 06:01:09', '2015-02-02 06:01:09'),
(1.00, 1112.00, 7, 1112, '2015-02-02 06:01:09', '2015-02-02 06:01:09'),
(1.00, 1114.00, 7, 1114, '2015-02-02 06:01:09', '2015-02-02 06:01:09'),
(1.00, 1115.00, 7, 1115, '2015-02-02 06:01:09', '2015-02-02 06:01:09'),
(3.00, 3342.00, 8, 1114, '2015-02-02 06:59:39', '2015-02-02 06:59:39'),
(4.00, 4448.00, 8, 1112, '2015-02-02 06:59:39', '2015-02-02 06:59:39'),
(3.00, 3345.00, 8, 1115, '2015-02-02 06:59:39', '2015-02-02 06:59:39'),
(2.00, 2226.00, 8, 1113, '2015-02-02 06:59:39', '2015-02-02 06:59:39'),
(5.00, 5555.00, 8, 1111, '2015-02-02 06:59:39', '2015-02-02 06:59:39'),
(1.00, 1191.00, 9, 1191, '2015-02-02 07:13:46', '2015-02-02 07:13:46'),
(2.00, 2384.00, 9, 1192, '2015-02-02 07:13:46', '2015-02-02 07:13:46'),
(1.00, 1159.00, 9, 1159, '2015-02-02 07:13:46', '2015-02-02 07:13:46'),
(2.00, 2376.00, 9, 1188, '2015-02-02 07:13:46', '2015-02-02 07:13:46'),
(2.00, 2368.00, 9, 1184, '2015-02-02 07:13:46', '2015-02-02 07:13:46'),
(3.00, 3570.00, 9, 1190, '2015-02-02 07:13:46', '2015-02-02 07:13:46'),
(2.00, 2372.00, 9, 1186, '2015-02-02 07:13:46', '2015-02-02 07:13:46'),
(1.00, 1189.00, 9, 1189, '2015-02-02 07:13:46', '2015-02-02 07:13:46'),
(2.00, 2370.00, 9, 1185, '2015-02-02 07:13:46', '2015-02-02 07:13:46'),
(1.00, 1178.00, 9, 1178, '2015-02-02 07:13:46', '2015-02-02 07:13:46'),
(1.00, 1180.00, 9, 1180, '2015-02-02 07:13:46', '2015-02-02 07:13:46'),
(1.00, 1182.00, 9, 1182, '2015-02-02 07:13:46', '2015-02-02 07:13:46'),
(2.00, 2358.00, 9, 1179, '2015-02-02 07:13:46', '2015-02-02 07:13:46'),
(1.00, 1175.00, 9, 1175, '2015-02-02 07:13:46', '2015-02-02 07:13:46'),
(1.00, 1170.00, 9, 1170, '2015-02-02 07:13:46', '2015-02-02 07:13:46'),
(1.00, 1172.00, 9, 1172, '2015-02-02 07:13:46', '2015-02-02 07:13:46'),
(1.00, 1166.00, 9, 1166, '2015-02-02 07:13:46', '2015-02-02 07:13:46'),
(1.00, 1169.00, 9, 1169, '2015-02-02 07:13:46', '2015-02-02 07:13:46'),
(1.00, 1069.00, 9, 1069, '2015-02-02 07:13:47', '2015-02-02 07:13:47'),
(1.00, 1163.00, 9, 1163, '2015-02-02 07:13:47', '2015-02-02 07:13:47'),
(1.00, 1071.00, 9, 1071, '2015-02-02 07:13:47', '2015-02-02 07:13:47'),
(1.00, 1165.00, 9, 1165, '2015-02-02 07:13:47', '2015-02-02 07:13:47'),
(1.00, 1112.00, 9, 1112, '2015-02-02 07:13:47', '2015-02-02 07:13:47'),
(1.00, 1070.00, 9, 1070, '2015-02-02 07:13:47', '2015-02-02 07:13:47'),
(1.00, 1068.00, 9, 1068, '2015-02-02 07:13:47', '2015-02-02 07:13:47'),
(1.00, 1114.00, 9, 1114, '2015-02-02 07:13:47', '2015-02-02 07:13:47'),
(1.00, 1113.00, 9, 1113, '2015-02-02 07:13:47', '2015-02-02 07:13:47'),
(1.00, 1112.00, 10, 1112, '2015-02-02 07:16:02', '2015-02-02 07:16:02'),
(1.00, 1114.00, 10, 1114, '2015-02-02 07:16:02', '2015-02-02 07:16:02'),
(1.00, 1111.00, 10, 1111, '2015-02-02 07:16:02', '2015-02-02 07:16:02'),
(1.00, 1113.00, 10, 1113, '2015-02-02 07:16:02', '2015-02-02 07:16:02'),
(1.00, 1112.00, 11, 1112, '2015-02-02 07:21:15', '2015-02-02 07:21:15'),
(1.00, 1114.00, 11, 1114, '2015-02-02 07:21:15', '2015-02-02 07:21:15'),
(2.00, 2226.00, 11, 1113, '2015-02-02 07:21:15', '2015-02-02 07:21:15'),
(1.00, 1111.00, 11, 1111, '2015-02-02 07:21:15', '2015-02-02 07:21:15'),
(1.00, 1115.00, 12, 1115, '2015-02-02 07:21:59', '2015-02-02 07:21:59'),
(1.00, 1114.00, 12, 1114, '2015-02-02 07:22:00', '2015-02-02 07:22:00'),
(1.00, 1113.00, 12, 1113, '2015-02-02 07:22:00', '2015-02-02 07:22:00'),
(1.00, 1111.00, 12, 1111, '2015-02-02 07:22:00', '2015-02-02 07:22:00'),
(1.00, 1113.00, 13, 1113, '2015-02-02 07:22:19', '2015-02-02 07:22:19'),
(1.00, 1115.00, 13, 1115, '2015-02-02 07:22:19', '2015-02-02 07:22:19'),
(5.00, 5560.00, 13, 1112, '2015-02-02 07:22:19', '2015-02-02 07:22:19'),
(3.00, 3342.00, 13, 1114, '2015-02-02 07:22:19', '2015-02-02 07:22:19'),
(1.00, 1112.00, 14, 1112, '2015-02-02 07:27:10', '2015-02-02 07:27:10'),
(1.00, 1113.00, 14, 1113, '2015-02-02 07:27:10', '2015-02-02 07:27:10'),
(2.00, 2222.00, 14, 1111, '2015-02-02 07:27:10', '2015-02-02 07:27:10'),
(1.00, 1114.00, 15, 1114, '2015-02-02 07:27:37', '2015-02-02 07:27:37'),
(1.00, 1112.00, 15, 1112, '2015-02-02 07:27:37', '2015-02-02 07:27:37'),
(1.00, 1111.00, 15, 1111, '2015-02-02 07:27:38', '2015-02-02 07:27:38'),
(1.00, 1112.00, 16, 1112, '2015-02-02 07:27:59', '2015-02-02 07:27:59'),
(1.00, 1110.00, 16, 1110, '2015-02-02 07:27:59', '2015-02-02 07:27:59'),
(1.00, 1111.00, 16, 1111, '2015-02-02 07:27:59', '2015-02-02 07:27:59'),
(1.00, 1114.00, 16, 1114, '2015-02-02 07:27:59', '2015-02-02 07:27:59'),
(1.00, 1113.00, 16, 1113, '2015-02-02 07:27:59', '2015-02-02 07:27:59'),
(1.00, 1115.00, 17, 1115, '2015-02-02 07:29:19', '2015-02-02 07:29:19'),
(1.00, 1114.00, 17, 1114, '2015-02-02 07:29:19', '2015-02-02 07:29:19'),
(1.00, 1113.00, 17, 1113, '2015-02-02 07:29:19', '2015-02-02 07:29:19'),
(2.00, 2224.00, 17, 1112, '2015-02-02 07:29:19', '2015-02-02 07:29:19'),
(1.00, 1114.00, 18, 1114, '2015-02-02 07:29:35', '2015-02-02 07:29:35'),
(1.00, 3.00, 18, 3, '2015-02-02 07:29:36', '2015-02-02 07:29:36'),
(1.00, 1115.00, 18, 1115, '2015-02-02 07:29:36', '2015-02-02 07:29:36'),
(1.00, 1110.00, 18, 1110, '2015-02-02 07:29:36', '2015-02-02 07:29:36'),
(1.00, 1113.00, 18, 1113, '2015-02-02 07:29:36', '2015-02-02 07:29:36'),
(1.00, 1111.00, 19, 1111, '2015-02-02 07:30:24', '2015-02-02 07:30:24'),
(2.00, 2228.00, 19, 1114, '2015-02-02 07:30:25', '2015-02-02 07:30:25'),
(2.00, 2224.00, 19, 1112, '2015-02-02 07:30:25', '2015-02-02 07:30:25'),
(1.00, 1162.00, 20, 1162, '2015-02-02 07:30:38', '2015-02-02 07:30:38'),
(1.00, 1068.00, 20, 1068, '2015-02-02 07:30:38', '2015-02-02 07:30:38'),
(2.00, 2138.00, 20, 1069, '2015-02-02 07:30:38', '2015-02-02 07:30:38'),
(1.00, 1163.00, 20, 1163, '2015-02-02 07:30:38', '2015-02-02 07:30:38'),
(1.00, 1070.00, 20, 1070, '2015-02-02 07:30:38', '2015-02-02 07:30:38'),
(1.00, 1167.00, 21, 1167, '2015-02-02 07:30:47', '2015-02-02 07:30:47'),
(2.00, 2340.00, 21, 1170, '2015-02-02 07:30:47', '2015-02-02 07:30:47'),
(3.00, 3504.00, 21, 1168, '2015-02-02 07:30:47', '2015-02-02 07:30:47'),
(1.00, 1169.00, 21, 1169, '2015-02-02 07:30:47', '2015-02-02 07:30:47'),
(1.00, 1166.00, 21, 1166, '2015-02-02 07:30:47', '2015-02-02 07:30:47'),
(1.00, 1112.00, 22, 1112, '2015-02-02 07:31:57', '2015-02-02 07:31:57'),
(2.00, 2230.00, 22, 1115, '2015-02-02 07:31:57', '2015-02-02 07:31:57'),
(1.00, 1114.00, 22, 1114, '2015-02-02 07:31:57', '2015-02-02 07:31:57'),
(1.00, 1111.00, 22, 1111, '2015-02-02 07:31:57', '2015-02-02 07:31:57'),
(1.00, 3.00, 23, 3, '2015-02-02 07:32:04', '2015-02-02 07:32:04'),
(2.00, 2230.00, 23, 1115, '2015-02-02 07:32:04', '2015-02-02 07:32:04'),
(1.00, 1070.00, 23, 1070, '2015-02-02 07:32:04', '2015-02-02 07:32:04'),
(4.00, 4456.00, 23, 1114, '2015-02-02 07:32:04', '2015-02-02 07:32:04'),
(1.00, 3.00, 24, 3, '2015-02-04 03:16:08', '2015-02-04 03:16:08'),
(1.00, 1114.00, 24, 1114, '2015-02-04 03:16:09', '2015-02-04 03:16:09'),
(1.00, 1068.00, 24, 1068, '2015-02-04 03:16:09', '2015-02-04 03:16:09'),
(1.00, 1115.00, 24, 1115, '2015-02-04 03:16:09', '2015-02-04 03:16:09'),
(3.00, 3336.00, 24, 1112, '2015-02-04 03:16:09', '2015-02-04 03:16:09'),
(1.00, 1112.00, 25, 1112, '2015-02-04 03:16:12', '2015-02-04 03:16:12'),
(1.00, 1115.00, 25, 1115, '2015-02-04 03:16:12', '2015-02-04 03:16:12'),
(1.00, 1111.00, 25, 1111, '2015-02-04 03:16:12', '2015-02-04 03:16:12'),
(1.00, 3.00, 25, 3, '2015-02-04 03:16:12', '2015-02-04 03:16:12'),
(1.00, 1113.00, 25, 1113, '2015-02-04 03:16:12', '2015-02-04 03:16:12'),
(1.00, 1115.00, 26, 1115, '2015-02-04 03:16:17', '2015-02-04 03:16:17'),
(1.00, 1114.00, 26, 1114, '2015-02-04 03:16:17', '2015-02-04 03:16:17'),
(2.00, 2220.00, 26, 1110, '2015-02-04 03:16:17', '2015-02-04 03:16:17'),
(1.00, 3.00, 26, 3, '2015-02-04 03:16:17', '2015-02-04 03:16:17'),
(2.00, 2226.00, 26, 1113, '2015-02-04 03:16:17', '2015-02-04 03:16:17'),
(1.00, 1113.00, 27, 1113, '2015-02-04 03:26:31', '2015-02-04 03:26:31'),
(2.00, 2136.00, 27, 1068, '2015-02-04 03:26:31', '2015-02-04 03:26:31'),
(1.00, 1115.00, 27, 1115, '2015-02-04 03:26:31', '2015-02-04 03:26:31'),
(1.00, 1112.00, 28, 1112, '2015-02-04 03:28:24', '2015-02-04 03:28:24'),
(1.00, 3.00, 28, 3, '2015-02-04 03:28:24', '2015-02-04 03:28:24'),
(1.00, 1115.00, 28, 1115, '2015-02-04 03:28:24', '2015-02-04 03:28:24'),
(1.00, 1113.00, 28, 1113, '2015-02-04 03:28:24', '2015-02-04 03:28:24'),
(1.00, 1069.00, 29, 1069, '2015-02-04 03:28:43', '2015-02-04 03:28:43'),
(1.00, 1112.00, 29, 1112, '2015-02-04 03:28:43', '2015-02-04 03:28:43'),
(1.00, 1114.00, 29, 1114, '2015-02-04 03:28:43', '2015-02-04 03:28:43'),
(1.00, 3.00, 29, 3, '2015-02-04 03:28:43', '2015-02-04 03:28:43'),
(1.00, 1110.00, 29, 1110, '2015-02-04 03:28:44', '2015-02-04 03:28:44'),
(1.00, 3.00, 30, 3, '2015-02-04 03:29:12', '2015-02-04 03:29:12'),
(2.00, 2222.00, 30, 1111, '2015-02-04 03:29:12', '2015-02-04 03:29:12'),
(1.00, 1068.00, 30, 1068, '2015-02-04 03:29:12', '2015-02-04 03:29:12'),
(1.00, 1112.00, 30, 1112, '2015-02-04 03:29:12', '2015-02-04 03:29:12'),
(1.00, 1113.00, 31, 1113, '2015-02-04 03:36:58', '2015-02-04 03:36:58'),
(1.00, 1069.00, 31, 1069, '2015-02-04 03:36:58', '2015-02-04 03:36:58'),
(1.00, 1115.00, 31, 1115, '2015-02-04 03:36:58', '2015-02-04 03:36:58'),
(1.00, 1111.00, 31, 1111, '2015-02-04 03:36:58', '2015-02-04 03:36:58'),
(1.00, 1112.00, 32, 1112, '2015-02-04 03:42:29', '2015-02-04 03:42:29'),
(1.00, 1114.00, 32, 1114, '2015-02-04 03:42:29', '2015-02-04 03:42:29'),
(2.00, 2136.00, 32, 1068, '2015-02-04 03:42:29', '2015-02-04 03:42:29'),
(1.00, 3.00, 32, 3, '2015-02-04 03:42:29', '2015-02-04 03:42:29'),
(2.00, 2222.00, 32, 1111, '2015-02-04 03:42:29', '2015-02-04 03:42:29'),
(1.00, 1115.00, 32, 1115, '2015-02-04 03:42:29', '2015-02-04 03:42:29'),
(2.00, 2226.00, 32, 1113, '2015-02-04 03:42:29', '2015-02-04 03:42:29'),
(2.00, 2228.00, 33, 1114, '2015-02-04 03:42:38', '2015-02-04 03:42:38'),
(2.00, 2136.00, 33, 1068, '2015-02-04 03:42:38', '2015-02-04 03:42:38'),
(1.00, 1113.00, 33, 1113, '2015-02-04 03:42:38', '2015-02-04 03:42:38'),
(2.00, 2228.00, 34, 1114, '2015-02-04 03:42:44', '2015-02-04 03:42:44'),
(1.00, 1068.00, 34, 1068, '2015-02-04 03:42:44', '2015-02-04 03:42:44'),
(3.00, 3336.00, 34, 1112, '2015-02-04 03:42:44', '2015-02-04 03:42:44'),
(1.00, 1166.00, 35, 1166, '2015-02-04 04:27:46', '2015-02-04 04:27:46'),
(1.00, 1071.00, 35, 1071, '2015-02-04 04:27:46', '2015-02-04 04:27:46'),
(1.00, 1068.00, 35, 1068, '2015-02-04 04:27:47', '2015-02-04 04:27:47'),
(1.00, 1113.00, 35, 1113, '2015-02-04 04:27:47', '2015-02-04 04:27:47'),
(100.00, 111000.00, 35, 1110, '2015-02-04 04:27:47', '2015-02-04 04:27:47'),
(1.00, 1071.00, 36, 1071, '2015-02-04 04:27:58', '2015-02-04 04:27:58'),
(1.00, 1069.00, 36, 1069, '2015-02-04 04:27:58', '2015-02-04 04:27:58'),
(1.00, 1110.00, 36, 1110, '2015-02-04 04:27:58', '2015-02-04 04:27:58'),
(2.00, 2230.00, 36, 1115, '2015-02-04 04:27:58', '2015-02-04 04:27:58'),
(1.00, 1070.00, 37, 1070, '2015-02-04 04:28:12', '2015-02-04 04:28:12'),
(1.00, 1068.00, 37, 1068, '2015-02-04 04:28:12', '2015-02-04 04:28:12'),
(1.00, 1115.00, 37, 1115, '2015-02-04 04:28:12', '2015-02-04 04:28:12'),
(1.00, 1111.00, 37, 1111, '2015-02-04 04:28:12', '2015-02-04 04:28:12'),
(1.00, 1110.00, 37, 1110, '2015-02-04 04:28:12', '2015-02-04 04:28:12'),
(1.00, 1114.00, 37, 1114, '2015-02-04 04:28:12', '2015-02-04 04:28:12'),
(1.00, 1008.00, 38, 1008, '2015-02-04 07:12:58', '2015-02-04 07:12:58'),
(1.00, 1007.00, 38, 1007, '2015-02-04 07:12:58', '2015-02-04 07:12:58'),
(1.00, 1111.00, 39, 1111, '2015-02-04 07:39:49', '2015-02-04 07:39:49'),
(1.00, 3.00, 39, 3, '2015-02-04 07:39:49', '2015-02-04 07:39:49'),
(1.00, 1112.00, 39, 1112, '2015-02-04 07:39:50', '2015-02-04 07:39:50'),
(1.00, 1071.00, 39, 1071, '2015-02-04 07:39:50', '2015-02-04 07:39:50'),
(2.00, 2230.00, 39, 1115, '2015-02-04 07:39:50', '2015-02-04 07:39:50'),
(7.00, 8323.00, 40, 1189, '2015-02-04 07:40:23', '2015-02-04 07:40:23'),
(1.00, 1025.00, 40, 1025, '2015-02-04 07:40:23', '2015-02-04 07:40:23'),
(1.00, 1187.00, 41, 1187, '2015-02-04 07:43:46', '2015-02-04 07:43:46'),
(1.00, 1111.00, 41, 1111, '2015-02-04 07:43:46', '2015-02-04 07:43:46'),
(2.00, 2228.00, 41, 1114, '2015-02-04 07:43:46', '2015-02-04 07:43:46'),
(1.00, 1070.00, 41, 1070, '2015-02-04 07:43:46', '2015-02-04 07:43:46'),
(6.00, 6018.00, 41, 1003, '2015-02-04 07:43:46', '2015-02-04 07:43:46'),
(1.00, 1024.00, 41, 1024, '2015-02-04 07:43:46', '2015-02-04 07:43:46'),
(2.00, 2226.00, 41, 1113, '2015-02-04 07:43:46', '2015-02-04 07:43:46'),
(2.00, 2136.00, 41, 1068, '2015-02-04 07:43:46', '2015-02-04 07:43:46'),
(2.00, 2230.00, 41, 1115, '2015-02-04 07:43:47', '2015-02-04 07:43:47'),
(1.00, 1069.00, 42, 1069, '2015-02-04 07:44:12', '2015-02-04 07:44:12'),
(1.00, 1068.00, 42, 1068, '2015-02-04 07:44:12', '2015-02-04 07:44:12'),
(1.00, 1113.00, 42, 1113, '2015-02-04 07:44:12', '2015-02-04 07:44:12'),
(1.00, 3.00, 43, 3, '2015-02-04 09:54:03', '2015-02-04 09:54:03'),
(1.00, 1115.00, 43, 1115, '2015-02-04 09:54:03', '2015-02-04 09:54:03'),
(2.00, 2224.00, 43, 1112, '2015-02-04 09:54:03', '2015-02-04 09:54:03'),
(2.00, 6.00, 44, 3, '2015-02-04 09:54:19', '2015-02-04 09:54:19'),
(1.00, 1068.00, 44, 1068, '2015-02-04 09:54:19', '2015-02-04 09:54:19'),
(3.00, 3339.00, 44, 1113, '2015-02-04 09:54:19', '2015-02-04 09:54:19'),
(1.00, 1112.00, 45, 1112, '2015-02-04 09:54:32', '2015-02-04 09:54:32'),
(1.00, 1114.00, 45, 1114, '2015-02-04 09:54:32', '2015-02-04 09:54:32'),
(1.00, 1111.00, 45, 1111, '2015-02-04 09:54:32', '2015-02-04 09:54:32'),
(1.00, 1115.00, 45, 1115, '2015-02-04 09:54:32', '2015-02-04 09:54:32'),
(1.00, 1113.00, 45, 1113, '2015-02-04 09:54:32', '2015-02-04 09:54:32'),
(1.00, 1111.00, 46, 1111, '2015-02-04 10:35:48', '2015-02-04 10:35:48'),
(1.00, 1068.00, 46, 1068, '2015-02-04 10:35:48', '2015-02-04 10:35:48'),
(1.00, 1114.00, 46, 1114, '2015-02-04 10:35:48', '2015-02-04 10:35:48'),
(1.00, 1113.00, 46, 1113, '2015-02-04 10:35:48', '2015-02-04 10:35:48'),
(1.00, 1068.00, 47, 1068, '2015-02-04 10:36:02', '2015-02-04 10:36:02'),
(1.00, 1070.00, 47, 1070, '2015-02-04 10:36:02', '2015-02-04 10:36:02'),
(1.00, 1111.00, 47, 1111, '2015-02-04 10:36:02', '2015-02-04 10:36:02'),
(1.00, 1115.00, 47, 1115, '2015-02-04 10:36:02', '2015-02-04 10:36:02');

-- --------------------------------------------------------

--
-- Estructura de tabla para la tabla `marcas`
--

CREATE TABLE IF NOT EXISTS `marcas` (
`id` int(10) unsigned NOT NULL,
  `nombre` varchar(100) COLLATE utf8_spanish_ci NOT NULL,
  `descripcion` varchar(100) COLLATE utf8_spanish_ci NOT NULL,
  `created_at` timestamp NOT NULL DEFAULT '0000-00-00 00:00:00',
  `updated_at` timestamp NOT NULL DEFAULT '0000-00-00 00:00:00',
  `remember_token` varchar(100) COLLATE utf8_spanish_ci DEFAULT NULL
) ENGINE=InnoDB AUTO_INCREMENT=4 DEFAULT CHARSET=utf8 COLLATE=utf8_spanish_ci;

--
-- Volcado de datos para la tabla `marcas`
--

INSERT INTO `marcas` (`id`, `nombre`, `descripcion`, `created_at`, `updated_at`, `remember_token`) VALUES
(1, 'COCACOLA', 'JUGOS Y BEBIDAS', '0000-00-00 00:00:00', '0000-00-00 00:00:00', NULL),
(2, 'PEPSI', 'JUGOS Y BEBIDAS', '0000-00-00 00:00:00', '0000-00-00 00:00:00', NULL),
(3, 'LAMINAS HUAJUAPAN', 'FIERROS', '0000-00-00 00:00:00', '0000-00-00 00:00:00', NULL);

-- --------------------------------------------------------

--
-- Estructura de tabla para la tabla `migrations`
--

CREATE TABLE IF NOT EXISTS `migrations` (
  `migration` varchar(255) COLLATE utf8_spanish_ci NOT NULL,
  `batch` int(11) NOT NULL
) ENGINE=InnoDB DEFAULT CHARSET=utf8 COLLATE=utf8_spanish_ci;

--
-- Volcado de datos para la tabla `migrations`
--

INSERT INTO `migrations` (`migration`, `batch`) VALUES
('2014_12_10_053157_usuarios', 1),
('2014_12_11_051128_marcas', 1),
('2014_12_11_070939_productos', 1),
('2015_01_15_054009_venta', 1),
('2015_01_15_071826_concepto', 1);

-- --------------------------------------------------------

--
-- Estructura de tabla para la tabla `productos`
--

CREATE TABLE IF NOT EXISTS `productos` (
`id` int(10) unsigned NOT NULL,
  `nombre` varchar(100) COLLATE utf8_spanish_ci NOT NULL,
  `precio` float(8,2) NOT NULL,
  `descripcion` varchar(100) COLLATE utf8_spanish_ci NOT NULL,
  `modelo` varchar(100) COLLATE utf8_spanish_ci NOT NULL,
  `remember_token` varchar(100) COLLATE utf8_spanish_ci DEFAULT NULL,
  `created_at` timestamp NOT NULL DEFAULT '0000-00-00 00:00:00',
  `updated_at` timestamp NOT NULL DEFAULT '0000-00-00 00:00:00',
  `marca_id` int(10) unsigned NOT NULL
) ENGINE=InnoDB AUTO_INCREMENT=1203 DEFAULT CHARSET=utf8 COLLATE=utf8_spanish_ci;

--
-- Volcado de datos para la tabla `productos`
--

INSERT INTO `productos` (`id`, `nombre`, `precio`, `descripcion`, `modelo`, `remember_token`, `created_at`, `updated_at`, `marca_id`) VALUES
(2, 'FANTA', 10.00, 'ENVASE DE 600ml', '', NULL, '0000-00-00 00:00:00', '0000-00-00 00:00:00', 1),
(3, 'AGUA CIEL', 12.00, 'ENVASE DE 600ml', '', NULL, '0000-00-00 00:00:00', '0000-00-00 00:00:00', 1),
(4, 'FRESCA', 11.00, 'ENVASE DE 600ml', '', NULL, '0000-00-00 00:00:00', '0000-00-00 00:00:00', 1),
(5, 'MANZANITA', 10.00, 'ENVASE DE 600ml', '', NULL, '0000-00-00 00:00:00', '0000-00-00 00:00:00', 1),
(6, 'JUGO DEL VALLE', 8.00, 'ENVASE DE 600ml', '', NULL, '0000-00-00 00:00:00', '0000-00-00 00:00:00', 1),
(7, 'SQUIRT', 12.00, 'ENVASE DE 600ml', '', NULL, '0000-00-00 00:00:00', '0000-00-00 00:00:00', 2),
(8, 'PEPSI', 13.00, 'ENVASE DE 600ml', '', NULL, '0000-00-00 00:00:00', '0000-00-00 00:00:00', 2),
(9, 'MIRINDA', 10.00, 'ENVASE DE 600ml', '', NULL, '0000-00-00 00:00:00', '0000-00-00 00:00:00', 2),
(10, 'SANGRIA', 8.00, 'ENVASE DE 600ml', '', NULL, '0000-00-00 00:00:00', '0000-00-00 00:00:00', 2),
(11, 'JARRITO', 6.00, 'ENVASE DE 600ml', '', NULL, '0000-00-00 00:00:00', '0000-00-00 00:00:00', 2),
(12, 'MINERAL', 12.00, 'ENVASE DE 600ml', '', NULL, '0000-00-00 00:00:00', '0000-00-00 00:00:00', 2),
(1000, 'LAMINA GALVANIZADA 1.83m', 28.00, 'CALIBRE 34', '', NULL, '0000-00-00 00:00:00', '0000-00-00 00:00:00', 1),
(1001, 'LAMINA GALVANIZADA 1.83m', 72.00, 'CALIBRE 32', '', NULL, '0000-00-00 00:00:00', '0000-00-00 00:00:00', 1),
(1002, 'LAMINA GALVANIZADA 1.83m', 42.00, 'CALIBRE 30', '', NULL, '0000-00-00 00:00:00', '0000-00-00 00:00:00', 1),
(1003, 'LAMINA GALVANIZADA 2.44m', 18.00, 'CALIBRE 34', '', NULL, '0000-00-00 00:00:00', '0000-00-00 00:00:00', 1),
(1004, 'LAMINA GALVANIZADA 2.44m', 25.00, 'CALIBRE 32', '', NULL, '0000-00-00 00:00:00', '0000-00-00 00:00:00', 1),
(1005, 'LAMINA GALVANIZADA 2.44m', 87.00, 'CALIBRE 30', '', NULL, '0000-00-00 00:00:00', '0000-00-00 00:00:00', 1),
(1006, 'LAMINA GALVANIZADA 3.05m', 10.00, 'CALIBRE 34', '', NULL, '0000-00-00 00:00:00', '0000-00-00 00:00:00', 1),
(1007, 'LAMINA GALVANIZADA 3.05m', 24.00, 'CALIBRE 32', '', NULL, '0000-00-00 00:00:00', '0000-00-00 00:00:00', 1),
(1008, 'LAMINA GALVANIZADA 3.05m', 43.00, 'CALIBRE 30', '', NULL, '0000-00-00 00:00:00', '0000-00-00 00:00:00', 1),
(1009, 'LAMINA GALVANIZADA 3.66m', 93.00, 'CALIBRE 34', '', NULL, '0000-00-00 00:00:00', '0000-00-00 00:00:00', 1),
(1010, 'LAMINA GALVANIZADA 3.66m', 69.00, 'CALIBRE 32', '', NULL, '0000-00-00 00:00:00', '0000-00-00 00:00:00', 1),
(1011, 'LAMINA GALVANIZADA 3.66m', 10.00, 'CALIBRE 30', '', NULL, '0000-00-00 00:00:00', '0000-00-00 00:00:00', 1),
(1012, 'LAMINA GALVANIZADA 4.27m', 34.00, 'CALIBRE 34', '', NULL, '0000-00-00 00:00:00', '0000-00-00 00:00:00', 1),
(1013, 'LAMINA GALVANIZADA 4.27m', 67.00, 'CALIBRE 32', '', NULL, '0000-00-00 00:00:00', '0000-00-00 00:00:00', 1),
(1014, 'LAMINA GALVANIZADA 4.27m', 30.00, 'CALIBRE 30', '', NULL, '0000-00-00 00:00:00', '0000-00-00 00:00:00', 1),
(1015, 'LAMINA GALVANIZADA 4.88m', 25.00, 'CALIBRE 34', '', NULL, '0000-00-00 00:00:00', '0000-00-00 00:00:00', 1),
(1016, 'LAMINA GALVANIZADA 4.88m', 97.00, 'CALIBRE 32', '', NULL, '0000-00-00 00:00:00', '0000-00-00 00:00:00', 1),
(1017, 'LAMINA GALVANIZADA 4.88m', 95.00, 'CALIBRE 30', '', NULL, '0000-00-00 00:00:00', '0000-00-00 00:00:00', 1),
(1018, 'LAMINA GALVANIZADA 5.5m', 59.00, 'CALIBRE 34', '', NULL, '0000-00-00 00:00:00', '0000-00-00 00:00:00', 1),
(1019, 'LAMINA GALVANIZADA 5.5m', 89.00, 'CALIBRE 32', '', NULL, '0000-00-00 00:00:00', '0000-00-00 00:00:00', 1),
(1020, 'LAMINA GALVANIZADA 5.5m', 29.00, 'CALIBRE 30', '', NULL, '0000-00-00 00:00:00', '0000-00-00 00:00:00', 1),
(1021, 'LAMINA GALVANIZADA 6.10m', 79.00, 'CALIBRE 34', '', NULL, '0000-00-00 00:00:00', '0000-00-00 00:00:00', 1),
(1022, 'LAMINA GALVANIZADA 6.10m', 46.00, 'CALIBRE 32', '', NULL, '0000-00-00 00:00:00', '0000-00-00 00:00:00', 1),
(1023, 'LAMINA GALVANIZADA 6.10m', 44.00, 'CALIBRE 30', '', NULL, '0000-00-00 00:00:00', '0000-00-00 00:00:00', 1),
(1024, 'LAMINA  DE CARTON 1.15 NEGRA', 59.00, '2O PIEZAS', '', NULL, '0000-00-00 00:00:00', '0000-00-00 00:00:00', 1),
(1025, 'LAMINA CARTON 1.15X50 ROJA', 27.00, '20 PIESAS', '', NULL, '0000-00-00 00:00:00', '0000-00-00 00:00:00', 1),
(1026, 'LAMINA TRANSPARENTE 1.83', 78.00, 'ONDULADA', '', NULL, '0000-00-00 00:00:00', '0000-00-00 00:00:00', 1),
(1027, 'LAMINA TRANSPARENTE 2.44', 10.00, 'ONDULADA', '', NULL, '0000-00-00 00:00:00', '0000-00-00 00:00:00', 1),
(1028, 'LAMINA TRANSPARENTE 3.05', 62.00, 'ONDULA RECTANGULAR', '', NULL, '0000-00-00 00:00:00', '0000-00-00 00:00:00', 1),
(1029, 'LAMINA TRANSPARENTE 3.66', 15.00, 'ONDULADA Y RECTANGULAR', '', NULL, '0000-00-00 00:00:00', '0000-00-00 00:00:00', 1),
(1030, 'LAMINA TRANSPARENTE ', 32.00, 'TIPO ASBESTO', '', NULL, '0000-00-00 00:00:00', '0000-00-00 00:00:00', 1),
(1031, 'TUBULAR', 50.00, '6X6X6', '', NULL, '0000-00-00 00:00:00', '0000-00-00 00:00:00', 1),
(1032, 'TUBULAR MONDEN', 67.00, '3X2X6', '', NULL, '0000-00-00 00:00:00', '0000-00-00 00:00:00', 1),
(1033, 'TUBULAR MONDEN', 89.00, '4X6 CAL  14', '', NULL, '0000-00-00 00:00:00', '0000-00-00 00:00:00', 1),
(1034, 'TUBULAR MONDEN', 29.00, '3X1 5X6', '', NULL, '0000-00-00 00:00:00', '0000-00-00 00:00:00', 1),
(1035, 'TUBULAR', 100.00, '3x1.5x6', '', NULL, '0000-00-00 00:00:00', '0000-00-00 00:00:00', 1),
(1036, 'TUBULAR', 55.00, '2x1.5x6', '', NULL, '0000-00-00 00:00:00', '0000-00-00 00:00:00', 1),
(1038, 'PTR', 97.00, '3x3', '', NULL, '0000-00-00 00:00:00', '0000-00-00 00:00:00', 1),
(1039, 'PTR', 21.00, '2.5x2.5', '', NULL, '0000-00-00 00:00:00', '0000-00-00 00:00:00', 1),
(1040, 'PTR', 36.00, '2x2', '', NULL, '0000-00-00 00:00:00', '0000-00-00 00:00:00', 1),
(1041, 'PTR', 43.00, '1.5x1.5', '', NULL, '0000-00-00 00:00:00', '0000-00-00 00:00:00', 1),
(1042, 'LAMINA DE GALVATEJA', 22.00, '3.66m', '', NULL, '0000-00-00 00:00:00', '0000-00-00 00:00:00', 1),
(1043, 'LAMINA DE GALVATEJA', 97.00, '3.05m', '', NULL, '0000-00-00 00:00:00', '0000-00-00 00:00:00', 1),
(1044, 'ROLLO MALLA CICLON', 61.00, '1m CALIBRE 13', '', NULL, '0000-00-00 00:00:00', '0000-00-00 00:00:00', 1),
(1045, 'ROLLO MALLA CICLON', 18.00, '1.25m CALIBRE 13', '', NULL, '0000-00-00 00:00:00', '0000-00-00 00:00:00', 1),
(1046, 'ROLLO MALLA CICLON', 34.00, '1.50m CALIBRE 13', '', NULL, '0000-00-00 00:00:00', '0000-00-00 00:00:00', 1),
(1047, 'ROLLO MALLA CICLON', 60.00, '1.75m CALIBRE 13', '', NULL, '0000-00-00 00:00:00', '0000-00-00 00:00:00', 1),
(1048, 'ROLLO MALLA CICLON', 32.00, '2m CALIBRE 13', '', NULL, '0000-00-00 00:00:00', '0000-00-00 00:00:00', 1),
(1049, 'ROLLO MALLA CICLON', 40.00, '1m CALIBRE 11', '', NULL, '0000-00-00 00:00:00', '0000-00-00 00:00:00', 1),
(1050, 'ROLLO MALLA CICLON', 66.00, '1.25m CALIBRE 11', '', NULL, '0000-00-00 00:00:00', '0000-00-00 00:00:00', 1),
(1051, 'ROLLO MALLA CICLON', 47.00, '1.50m CALIBRE 11', '', NULL, '0000-00-00 00:00:00', '0000-00-00 00:00:00', 1),
(1052, 'ROLLO MALLA CICLON', 69.00, '1.75m CALIBRE 11', '', NULL, '0000-00-00 00:00:00', '0000-00-00 00:00:00', 1),
(1053, 'ROLLO MALLA CICLON', 92.00, '2m CALIBRE 13', '', NULL, '0000-00-00 00:00:00', '0000-00-00 00:00:00', 1),
(1054, 'ROLLO MALLA PARA POLLO', 93.00, '1m ABERTURA 25', '', NULL, '0000-00-00 00:00:00', '0000-00-00 00:00:00', 1),
(1055, 'ROLLO MALLA PARA POLLO', 58.00, '1.25m ABERTURA 25', '', NULL, '0000-00-00 00:00:00', '0000-00-00 00:00:00', 1),
(1056, 'ROLLO MALLA PARA POLLO', 62.00, '1.50m ABERTURA 50', '', NULL, '0000-00-00 00:00:00', '0000-00-00 00:00:00', 1),
(1057, 'ROLLO MALLA PARA POLLO', 90.00, '1.75m ABERTURA 50', '', NULL, '0000-00-00 00:00:00', '0000-00-00 00:00:00', 1),
(1059, 'MALLA PARA POLLO 1m', 44.00, '1.50m ABERTURA 25mm', '', NULL, '0000-00-00 00:00:00', '0000-00-00 00:00:00', 1),
(1060, 'MALLA PARA POLLO 1m', 49.00, '1.50m ABERTURA 38mm', '', NULL, '0000-00-00 00:00:00', '0000-00-00 00:00:00', 1),
(1061, 'MALLA PARA POLLO 1m', 17.00, '1.50m ABERTURA 50mm', '', NULL, '0000-00-00 00:00:00', '0000-00-00 00:00:00', 1),
(1062, 'MALLA PARA POLLO 1m', 33.00, '1.75m ABERTURA 25mm', '', NULL, '0000-00-00 00:00:00', '0000-00-00 00:00:00', 1),
(1063, 'MALLA PARA POLLO 1m', 86.00, '1.75m ABERTURA 38mm', '', NULL, '0000-00-00 00:00:00', '0000-00-00 00:00:00', 1),
(1064, 'MALLA PARA POLLO 1m', 84.00, '1.75m ABERTURA 50mm', '', NULL, '0000-00-00 00:00:00', '0000-00-00 00:00:00', 1),
(1068, 'ALAMBRE DE PUA', 40.00, '28kg', '', NULL, '0000-00-00 00:00:00', '0000-00-00 00:00:00', 1),
(1069, 'ALAMBRE DE PUA', 44.00, '30kg', '', NULL, '0000-00-00 00:00:00', '0000-00-00 00:00:00', 1),
(1070, 'ALAMBRE DE PUA', 94.00, '32kg', '', NULL, '0000-00-00 00:00:00', '0000-00-00 00:00:00', 1),
(1071, 'ALAMBRE DE PUA', 50.00, '34kg', '', NULL, '0000-00-00 00:00:00', '0000-00-00 00:00:00', 1),
(1072, 'TUBO PARA MAYA', 24.00, '1.5 PULGADAS', '', NULL, '0000-00-00 00:00:00', '0000-00-00 00:00:00', 1),
(1073, 'TUBO PARA MAYA', 32.00, '2 PULGADAS', '', NULL, '0000-00-00 00:00:00', '0000-00-00 00:00:00', 1),
(1074, 'TUBO PVC SANITARIO', 65.00, '1.5 PULGADAS', '', NULL, '0000-00-00 00:00:00', '0000-00-00 00:00:00', 1),
(1075, 'TUBO PVC SANITARIO', 57.00, '2 PULGADAS', '', NULL, '0000-00-00 00:00:00', '0000-00-00 00:00:00', 1),
(1076, 'TUBO PVC SANITARIO', 83.00, '3 PULGADAS', '', NULL, '0000-00-00 00:00:00', '0000-00-00 00:00:00', 1),
(1077, 'TUBO PVC SANITARIO', 10.00, '4 PULGADAS', '', NULL, '0000-00-00 00:00:00', '0000-00-00 00:00:00', 1),
(1078, 'TUBO PVC SANITARIO', 79.00, '6 PULGADAS', '', NULL, '0000-00-00 00:00:00', '0000-00-00 00:00:00', 1),
(1079, 'TUBO PVC SANITARIO', 71.00, '8 PULGADAS', '', NULL, '0000-00-00 00:00:00', '0000-00-00 00:00:00', 1),
(1080, 'CODO PVC 90 GRADOS', 20.00, '1.5 PULGADAS', '', NULL, '0000-00-00 00:00:00', '0000-00-00 00:00:00', 1),
(1081, 'CODO PVC 90 GRADOS', 15.00, '2 PULGADAS', '', NULL, '0000-00-00 00:00:00', '0000-00-00 00:00:00', 1),
(1082, 'CODO PVC 90 GRADOS', 71.00, '3 PULGADAS', '', NULL, '0000-00-00 00:00:00', '0000-00-00 00:00:00', 1),
(1083, 'CODO PVC 90 GRADOS', 93.00, '4 PULGADAS', '', NULL, '0000-00-00 00:00:00', '0000-00-00 00:00:00', 1),
(1084, 'CODO PVC 90 GRADOS', 22.00, '6 PULGADAS', '', NULL, '0000-00-00 00:00:00', '0000-00-00 00:00:00', 1),
(1085, 'CODO PVC 90 GRADOS', 55.00, '8 PULGADAS', '', NULL, '0000-00-00 00:00:00', '0000-00-00 00:00:00', 1),
(1086, 'CODO PVC 45 GRADOS', 29.00, '1.5 PULGADAS', '', NULL, '0000-00-00 00:00:00', '0000-00-00 00:00:00', 1),
(1087, 'CODO PVC 45 GRADOS', 25.00, '2 PULGADAS', '', NULL, '0000-00-00 00:00:00', '0000-00-00 00:00:00', 1),
(1088, 'CODO PVC 45 GRADOS', 58.00, '3 PULGADAS', '', NULL, '0000-00-00 00:00:00', '0000-00-00 00:00:00', 1),
(1089, 'CODO PVC 45 GRADOS', 94.00, '4 PULGADAS', '', NULL, '0000-00-00 00:00:00', '0000-00-00 00:00:00', 1),
(1090, 'CODO PVC 45 GRADOS', 46.00, '6 PULGADAS', '', NULL, '0000-00-00 00:00:00', '0000-00-00 00:00:00', 1),
(1091, 'CODO PVC 45 GRADOS', 74.00, '8 PULGADAS', '', NULL, '0000-00-00 00:00:00', '0000-00-00 00:00:00', 1),
(1092, 'TE DE PVC', 97.00, '1.5 PULGADAS', '', NULL, '0000-00-00 00:00:00', '0000-00-00 00:00:00', 1),
(1093, 'TE DE PVC', 90.00, '2 PULGADAS', '', NULL, '0000-00-00 00:00:00', '0000-00-00 00:00:00', 1),
(1094, 'TE DE PVC', 45.00, '3 PULGADAS', '', NULL, '0000-00-00 00:00:00', '0000-00-00 00:00:00', 1),
(1095, 'TE DE PVC', 47.00, '4 PULGADAS', '', NULL, '0000-00-00 00:00:00', '0000-00-00 00:00:00', 1),
(1096, 'TE DE PVC', 39.00, '6 PULGADAS', '', NULL, '0000-00-00 00:00:00', '0000-00-00 00:00:00', 1),
(1097, 'TE DE PVC', 49.00, '8 PULGADAS', '', NULL, '0000-00-00 00:00:00', '0000-00-00 00:00:00', 1),
(1098, 'COPLE  PVC', 67.00, '1.5 PULGADAS', '', NULL, '0000-00-00 00:00:00', '0000-00-00 00:00:00', 1),
(1099, 'COPLE  PVC', 39.00, '2 PULGADAS', '', NULL, '0000-00-00 00:00:00', '0000-00-00 00:00:00', 1),
(1100, 'COPLE  PVC', 80.00, '3 PULGADAS', '', NULL, '0000-00-00 00:00:00', '0000-00-00 00:00:00', 1),
(1101, 'COPLE  PVC', 73.00, '4 PULGADAS', '', NULL, '0000-00-00 00:00:00', '0000-00-00 00:00:00', 1),
(1102, 'COPLE  PVC', 73.00, '6 PULGADAS', '', NULL, '0000-00-00 00:00:00', '0000-00-00 00:00:00', 1),
(1103, 'COPLE  PVC', 80.00, '8 PULGADAS', '', NULL, '0000-00-00 00:00:00', '0000-00-00 00:00:00', 1),
(1104, 'TAPON PVC', 30.00, '1.5 PULGADAS', '', NULL, '0000-00-00 00:00:00', '0000-00-00 00:00:00', 1),
(1105, 'TAPON PVC', 68.00, '2 PULGADAS', '', NULL, '0000-00-00 00:00:00', '0000-00-00 00:00:00', 1),
(1106, 'TAPON PVC', 68.00, '3 PULGADAS', '', NULL, '0000-00-00 00:00:00', '0000-00-00 00:00:00', 1),
(1107, 'TAPON PVC', 78.00, '4 PULGADAS', '', NULL, '0000-00-00 00:00:00', '0000-00-00 00:00:00', 1),
(1108, 'TAPON PVC', 31.00, '6 PULGADAS', '', NULL, '0000-00-00 00:00:00', '0000-00-00 00:00:00', 1),
(1109, 'TAPON PVC', 72.00, '8 PULGADAS', '', NULL, '0000-00-00 00:00:00', '0000-00-00 00:00:00', 1),
(1110, 'ABRASADERA PVC', 32.00, '1.5 PULGADAS', '', NULL, '0000-00-00 00:00:00', '0000-00-00 00:00:00', 1),
(1111, 'ABRASADERA PVC', 55.00, '2 PULGADAS', '', NULL, '0000-00-00 00:00:00', '0000-00-00 00:00:00', 1),
(1112, 'ABRASADERA PVC', 88.00, '3 PULGADAS', '', NULL, '0000-00-00 00:00:00', '0000-00-00 00:00:00', 1),
(1113, 'ABRASADERA PVC', 39.00, '4 PULGADAS', '', NULL, '0000-00-00 00:00:00', '0000-00-00 00:00:00', 1),
(1114, 'ABRASADERA PVC', 58.00, '6 PULGADAS', '', NULL, '0000-00-00 00:00:00', '0000-00-00 00:00:00', 1),
(1115, 'ABRASADERA PVC', 65.00, '8 PULGADAS', '', NULL, '0000-00-00 00:00:00', '0000-00-00 00:00:00', 1),
(1116, 'TUERCA UNION', 33.00, '1/2 PULGADA', '', NULL, '0000-00-00 00:00:00', '0000-00-00 00:00:00', 1),
(1117, 'TUERCA UNION', 78.00, '3/4 PULGADA', '', NULL, '0000-00-00 00:00:00', '0000-00-00 00:00:00', 1),
(1118, 'REDUCCION BUCHIN ', 91.00, '3/4 PULGADA A 1/2 PULGADA', '', NULL, '0000-00-00 00:00:00', '0000-00-00 00:00:00', 1),
(1119, 'REDUCCION BUCHIN ', 76.00, '1 PULGADA A 1/2 PULGADA', '', NULL, '0000-00-00 00:00:00', '0000-00-00 00:00:00', 1),
(1120, 'TUBO DE CARTON', 72.00, '10cm REDONDO', '', NULL, '0000-00-00 00:00:00', '0000-00-00 00:00:00', 1),
(1121, 'TUBO DE CARTON', 54.00, '15cm REDONDO', '', NULL, '0000-00-00 00:00:00', '0000-00-00 00:00:00', 1),
(1122, 'TUBO DE CARTON', 75.00, '20cm REDONDO', '', NULL, '0000-00-00 00:00:00', '0000-00-00 00:00:00', 1),
(1123, 'TUBO DE CARTON', 59.00, '25cm REDONDO', '', NULL, '0000-00-00 00:00:00', '0000-00-00 00:00:00', 1),
(1124, 'TUBO DE CARTON', 44.00, '30cm REDONDO', '', NULL, '0000-00-00 00:00:00', '0000-00-00 00:00:00', 1),
(1125, 'TUBO DE CARTON', 49.00, '35cm REDONDO', '', NULL, '0000-00-00 00:00:00', '0000-00-00 00:00:00', 1),
(1126, 'TUBO DE CARTON', 33.00, '40cm REDONDO', '', NULL, '0000-00-00 00:00:00', '0000-00-00 00:00:00', 1),
(1127, 'TUBO DE CARTON', 90.00, '45cm REDONDO', '', NULL, '0000-00-00 00:00:00', '0000-00-00 00:00:00', 1),
(1128, 'TUBO DE CARTON', 84.00, '50cm REDONDO', '', NULL, '0000-00-00 00:00:00', '0000-00-00 00:00:00', 1),
(1129, 'TUBO DE CARTON', 88.00, '10cm CUADRADO', '', NULL, '0000-00-00 00:00:00', '0000-00-00 00:00:00', 1),
(1130, 'TUBO DE CARTON', 17.00, '15cm CUADRADO', '', NULL, '0000-00-00 00:00:00', '0000-00-00 00:00:00', 1),
(1131, 'TUBO DE CARTON', 45.00, '20cm CUADRADO', '', NULL, '0000-00-00 00:00:00', '0000-00-00 00:00:00', 1),
(1132, 'TUBO DE CARTON', 43.00, '25cm CUADRADO', '', NULL, '0000-00-00 00:00:00', '0000-00-00 00:00:00', 1),
(1133, 'TUBO DE CARTON', 10.00, '30cm CUADRADO', '', NULL, '0000-00-00 00:00:00', '0000-00-00 00:00:00', 1),
(1134, 'TUBO DE CARTON', 37.00, '35cm CUADRADO', '', NULL, '0000-00-00 00:00:00', '0000-00-00 00:00:00', 1),
(1135, 'TUBO DE CARTON', 31.00, '40cm CUADRADO', '', NULL, '0000-00-00 00:00:00', '0000-00-00 00:00:00', 1),
(1137, 'TUBO PLUS', 55.00, '1/2 PULGADA', '', NULL, '0000-00-00 00:00:00', '0000-00-00 00:00:00', 1),
(1138, 'TUBO PLUS', 13.00, '3/4 PULGADA', '', NULL, '0000-00-00 00:00:00', '0000-00-00 00:00:00', 1),
(1139, 'TUBO PLUS', 12.00, '1 PULGADA', '', NULL, '0000-00-00 00:00:00', '0000-00-00 00:00:00', 1),
(1140, 'COPLE PLUS', 89.00, '1/2 PULGADA', '', NULL, '0000-00-00 00:00:00', '0000-00-00 00:00:00', 1),
(1141, 'COPLE PLUS', 53.00, '3/4 PULGADA', '', NULL, '0000-00-00 00:00:00', '0000-00-00 00:00:00', 1),
(1142, 'COPLE PLUS', 72.00, '1 PULGADA', '', NULL, '0000-00-00 00:00:00', '0000-00-00 00:00:00', 1),
(1143, 'TE PLUS', 55.00, '1/2 PULGADA', '', NULL, '0000-00-00 00:00:00', '0000-00-00 00:00:00', 1),
(1144, 'TE PLUS', 71.00, '3/4 PULGADA', '', NULL, '0000-00-00 00:00:00', '0000-00-00 00:00:00', 1),
(1145, 'TE PLUS', 19.00, '1 PULGADA', '', NULL, '0000-00-00 00:00:00', '0000-00-00 00:00:00', 1),
(1146, 'CODO PLUS', 37.00, '1/2 PULGADA', '', NULL, '0000-00-00 00:00:00', '0000-00-00 00:00:00', 1),
(1147, 'CODO PLUS', 74.00, '3/4 PULGADA', '', NULL, '0000-00-00 00:00:00', '0000-00-00 00:00:00', 1),
(1148, 'CODO PLUS', 86.00, '1 PULGADA', '', NULL, '0000-00-00 00:00:00', '0000-00-00 00:00:00', 1),
(1149, 'CABLE PARA LUZ POR METRO', 23.00, 'CALIBRE 8 ', '', NULL, '0000-00-00 00:00:00', '0000-00-00 00:00:00', 1),
(1150, 'CABLE PARA LUZ POR METRO', 50.00, 'CALIBRE 10', '', NULL, '0000-00-00 00:00:00', '0000-00-00 00:00:00', 1),
(1151, 'CABLE PARA LUZ POR METRO', 42.00, 'CALIBRE 12', '', NULL, '0000-00-00 00:00:00', '0000-00-00 00:00:00', 1),
(1152, 'CABLE PARA LUZ POR METRO', 70.00, 'CALIBRE 14', '', NULL, '0000-00-00 00:00:00', '0000-00-00 00:00:00', 1),
(1153, 'CABLE PARA LUZ POR METRO', 94.00, 'CALIBRE 16', '', NULL, '0000-00-00 00:00:00', '0000-00-00 00:00:00', 1),
(1154, 'CABLE PARA LUZ POR CAJA 100m', 25.00, 'CALIBRE 8 ', '', NULL, '0000-00-00 00:00:00', '0000-00-00 00:00:00', 1),
(1155, 'CABLE PARA LUZ POR CAJA 100m', 41.00, 'CALIBRE 10', '', NULL, '0000-00-00 00:00:00', '0000-00-00 00:00:00', 1),
(1156, 'CABLE PARA LUZ POR CAJA 100m', 15.00, 'CALIBRE 12', '', NULL, '0000-00-00 00:00:00', '0000-00-00 00:00:00', 1),
(1157, 'CABLE PARA LUZ POR CAJA 100m', 47.00, 'CALIBRE 14', '', NULL, '0000-00-00 00:00:00', '0000-00-00 00:00:00', 1),
(1158, 'CABLE PARA LUZ POR CAJA 100m', 77.00, 'CALIBRE 16', '', NULL, '0000-00-00 00:00:00', '0000-00-00 00:00:00', 1),
(1159, 'CABLE PARA BOCINA', 38.00, 'ROJO CON BLANCO', '', NULL, '0000-00-00 00:00:00', '0000-00-00 00:00:00', 1),
(1160, 'CABLE PARA BOCINA', 57.00, 'POLARIZADO', '', NULL, '0000-00-00 00:00:00', '0000-00-00 00:00:00', 1),
(1161, 'CABLE COAXIAL POR METRO', 77.00, '', '', NULL, '0000-00-00 00:00:00', '0000-00-00 00:00:00', 1),
(1162, 'ALAMBRE THW', 97.00, 'CALIBRE 8 ', '', NULL, '0000-00-00 00:00:00', '0000-00-00 00:00:00', 1),
(1163, 'ALAMBRE THW', 34.00, 'CALIBRE 10', '', NULL, '0000-00-00 00:00:00', '0000-00-00 00:00:00', 1),
(1164, 'ALAMBRE THW', 12.00, 'CALIBRE 12', '', NULL, '0000-00-00 00:00:00', '0000-00-00 00:00:00', 1),
(1165, 'ALAMBRE THW', 16.00, 'CALIBRE 14', '', NULL, '0000-00-00 00:00:00', '0000-00-00 00:00:00', 1),
(1166, 'ANILLO PARA CONSTRUCCION', 65.00, '10x10', '', NULL, '0000-00-00 00:00:00', '0000-00-00 00:00:00', 1),
(1167, 'ANILLO PARA CONSTRUCCION', 23.00, '10x15', '', NULL, '0000-00-00 00:00:00', '0000-00-00 00:00:00', 1),
(1168, 'ANILLO PARA CONSTRUCCION', 52.00, '10x20', '', NULL, '0000-00-00 00:00:00', '0000-00-00 00:00:00', 1),
(1169, 'ANILLO PARA CONSTRUCCION', 18.00, '10x25', '', NULL, '0000-00-00 00:00:00', '0000-00-00 00:00:00', 1),
(1170, 'ANILLO PARA CONSTRUCCION', 58.00, '10x30', '', NULL, '0000-00-00 00:00:00', '0000-00-00 00:00:00', 1),
(1171, 'ANILLO PARA CONSTRUCCION', 19.00, '15x15', '', NULL, '0000-00-00 00:00:00', '0000-00-00 00:00:00', 1),
(1172, 'ANILLO PARA CONSTRUCCION', 72.00, '15x20', '', NULL, '0000-00-00 00:00:00', '0000-00-00 00:00:00', 1),
(1173, 'ANILLO PARA CONSTRUCCION', 44.00, '15x25', '', NULL, '0000-00-00 00:00:00', '0000-00-00 00:00:00', 1),
(1174, 'ANILLO PARA CONSTRUCCION', 82.00, '15x30', '', NULL, '0000-00-00 00:00:00', '0000-00-00 00:00:00', 1),
(1175, 'ANILLO PARA CONSTRUCCION', 29.00, '15x35', '', NULL, '0000-00-00 00:00:00', '0000-00-00 00:00:00', 1),
(1176, 'ANILLO PARA CONSTRUCCION', 62.00, '15x40', '', NULL, '0000-00-00 00:00:00', '0000-00-00 00:00:00', 1),
(1177, 'ANILLO PARA CONSTRUCCION', 87.00, '20x20', '', NULL, '0000-00-00 00:00:00', '0000-00-00 00:00:00', 1),
(1178, 'ANILLO PARA CONSTRUCCION', 57.00, '20x25', '', NULL, '0000-00-00 00:00:00', '0000-00-00 00:00:00', 1),
(1179, 'ANILLO PARA CONSTRUCCION', 31.00, '20x30', '', NULL, '0000-00-00 00:00:00', '0000-00-00 00:00:00', 1),
(1180, 'ANILLO PARA CONSTRUCCION', 59.00, '20x40', '', NULL, '0000-00-00 00:00:00', '0000-00-00 00:00:00', 1),
(1181, 'ANILLO PARA CONSTRUCCION', 56.00, '40x40', '', NULL, '0000-00-00 00:00:00', '0000-00-00 00:00:00', 1),
(1182, 'ANILLO PARA CONSTRUCCION', 24.00, '20x50', '', NULL, '0000-00-00 00:00:00', '0000-00-00 00:00:00', 1),
(1183, 'ARMEX', 62.00, '8x8', '', NULL, '0000-00-00 00:00:00', '0000-00-00 00:00:00', 1),
(1184, 'ARMEX', 70.00, '8x12', '', NULL, '0000-00-00 00:00:00', '0000-00-00 00:00:00', 1),
(1185, 'ARMEX', 57.00, '10x10', '', NULL, '0000-00-00 00:00:00', '0000-00-00 00:00:00', 1),
(1186, 'ARMEX', 87.00, '15x15', '', NULL, '0000-00-00 00:00:00', '0000-00-00 00:00:00', 1),
(1187, 'ARMEX', 85.00, '10x15', '', NULL, '0000-00-00 00:00:00', '0000-00-00 00:00:00', 1),
(1188, 'ARMEX', 69.00, '15x20', '', NULL, '0000-00-00 00:00:00', '0000-00-00 00:00:00', 1),
(1189, 'ARMEX', 37.00, '10x20', '', NULL, '0000-00-00 00:00:00', '0000-00-00 00:00:00', 1),
(1190, 'ARMEX', 100.00, '15x25', '', NULL, '0000-00-00 00:00:00', '0000-00-00 00:00:00', 1),
(1191, 'ARMEX', 54.00, '10x25', '', NULL, '0000-00-00 00:00:00', '0000-00-00 00:00:00', 1),
(1192, 'ARMEX', 97.00, '15x30', '', NULL, '0000-00-00 00:00:00', '0000-00-00 00:00:00', 1),
(1193, 'PARRILLA ELECTRICA', 33.00, 'SATURNO', '', NULL, '0000-00-00 00:00:00', '0000-00-00 00:00:00', 1),
(1194, 'PARRILLA ELECTRICA', 31.00, 'ROTER', '', NULL, '0000-00-00 00:00:00', '0000-00-00 00:00:00', 1),
(1195, 'PARRILLA ELECTRICA', 39.00, 'FLORA', '', NULL, '0000-00-00 00:00:00', '0000-00-00 00:00:00', 1),
(1196, 'PARRILLA DOS QUEMADORES GAS', 73.00, 'IESA', '', NULL, '0000-00-00 00:00:00', '0000-00-00 00:00:00', 1),
(1197, 'PARRILLA TRES QUEMADORES GAS', 17.00, 'IESA', '', NULL, '0000-00-00 00:00:00', '0000-00-00 00:00:00', 1),
(1198, 'PARRILLA TRES QUEMADORES', 59.00, 'FRAGA', '', NULL, '0000-00-00 00:00:00', '0000-00-00 00:00:00', 1),
(1199, 'PARRILLA DOS QUEMADORES', 12.00, 'FRAGA', '', NULL, '0000-00-00 00:00:00', '0000-00-00 00:00:00', 1),
(1201, 'TE ALUMINIO', 51.00, '', '', NULL, '0000-00-00 00:00:00', '0000-00-00 00:00:00', 1);

-- --------------------------------------------------------

--
-- Estructura de tabla para la tabla `usuarios`
--

CREATE TABLE IF NOT EXISTS `usuarios` (
`id` int(10) unsigned NOT NULL,
  `username` varchar(60) COLLATE utf8_spanish_ci NOT NULL,
  `password` varchar(100) COLLATE utf8_spanish_ci NOT NULL,
  `correo` varchar(100) COLLATE utf8_spanish_ci NOT NULL,
  `tipo` int(11) NOT NULL,
  `remember_token` varchar(100) COLLATE utf8_spanish_ci DEFAULT NULL,
  `created_at` timestamp NOT NULL DEFAULT '0000-00-00 00:00:00',
  `updated_at` timestamp NOT NULL DEFAULT '0000-00-00 00:00:00'
) ENGINE=InnoDB AUTO_INCREMENT=3 DEFAULT CHARSET=utf8 COLLATE=utf8_spanish_ci;

--
-- Volcado de datos para la tabla `usuarios`
--

INSERT INTO `usuarios` (`id`, `username`, `password`, `correo`, `tipo`, `remember_token`, `created_at`, `updated_at`) VALUES
(1, 'usuario', '$2y$10$MhAZ6NdYbAG1IAxABqdqOeE0CHr18b5Vsx6EQi8CVSU.w89sx0f42', '', 0, 'J1qEAr7K9Dp6HQOQS6B77SeQTLDWC3iMmH1RIfEXD4RLYXdbSek3159fxG8B', '0000-00-00 00:00:00', '2015-02-04 10:03:02'),
(2, 'admin', '$2y$10$WAQ94QRdCc/pbdHsoEcxmO.e7jK2/y9dYI43bMRkL9iz9KHzTbOdu', 'algo@gmail.com', 0, 'ZOdXPvhEpdeI1ZcJo7VpcDtKzxekbQVKjACNgL0rfvywVF8n5qmjCIyr9m9s', '2015-02-04 10:03:00', '2015-02-04 10:36:45');

-- --------------------------------------------------------

--
-- Estructura de tabla para la tabla `venta`
--

CREATE TABLE IF NOT EXISTS `venta` (
`id` int(10) unsigned NOT NULL,
  `descuento` float(8,2) NOT NULL,
  `subtotal` float(8,2) NOT NULL,
  `total` float(8,2) NOT NULL,
  `created_at` timestamp NOT NULL DEFAULT '0000-00-00 00:00:00',
  `updated_at` timestamp NOT NULL DEFAULT '0000-00-00 00:00:00',
  `remember_token` varchar(100) COLLATE utf8_spanish_ci DEFAULT NULL,
  `user_id` int(10) unsigned NOT NULL
) ENGINE=InnoDB AUTO_INCREMENT=48 DEFAULT CHARSET=utf8 COLLATE=utf8_spanish_ci;

--
-- Volcado de datos para la tabla `venta`
--

INSERT INTO `venta` (`id`, `descuento`, `subtotal`, `total`, `created_at`, `updated_at`, `remember_token`, `user_id`) VALUES
(1, 0.00, 664.00, 664.00, '2015-02-01 01:24:20', '2015-02-01 01:24:20', NULL, 1),
(2, 0.00, 334.00, 387.44, '2015-02-01 02:20:26', '2015-02-01 02:20:26', NULL, 1),
(3, 0.00, 290.00, 334.08, '2015-02-01 02:36:47', '2015-02-01 02:36:47', NULL, 1),
(4, 0.00, 484.00, 561.44, '2015-02-02 06:00:43', '2015-02-02 06:00:43', NULL, 1),
(5, 0.00, 523.00, 606.68, '2015-02-02 06:00:54', '2015-02-02 06:00:54', NULL, 1),
(6, 0.00, 326.00, 378.16, '2015-02-02 06:01:05', '2015-02-02 06:01:05', NULL, 1),
(7, 0.00, 357.00, 414.12, '2015-02-02 06:01:09', '2015-02-02 06:01:09', NULL, 1),
(8, 0.00, 1074.00, 1245.84, '2015-02-02 06:59:39', '2015-02-02 06:59:39', NULL, 1),
(9, 0.00, 2096.00, 2431.36, '2015-02-02 07:13:46', '2015-02-02 07:13:46', NULL, 1),
(10, 0.00, 240.00, 278.40, '2015-02-02 07:16:02', '2015-02-02 07:16:02', NULL, 1),
(11, 0.00, 279.00, 323.64, '2015-02-02 07:21:15', '2015-02-02 07:21:15', NULL, 1),
(12, 0.00, 217.00, 251.72, '2015-02-02 07:21:59', '2015-02-02 07:21:59', NULL, 1),
(13, 0.00, 718.00, 832.88, '2015-02-02 07:22:19', '2015-02-02 07:22:19', NULL, 1),
(14, 0.00, 237.00, 274.92, '2015-02-02 07:27:10', '2015-02-02 07:27:10', NULL, 1),
(15, 0.00, 201.00, 233.16, '2015-02-02 07:27:37', '2015-02-02 07:27:37', NULL, 1),
(16, 0.00, 272.00, 315.52, '2015-02-02 07:27:59', '2015-02-02 07:27:59', NULL, 1),
(17, 0.00, 338.00, 392.08, '2015-02-02 07:29:19', '2015-02-02 07:29:19', NULL, 1),
(18, 0.00, 206.00, 238.96, '2015-02-02 07:29:35', '2015-02-02 07:29:35', NULL, 1),
(19, 0.00, 347.00, 402.52, '2015-02-02 07:30:24', '2015-02-02 07:30:24', NULL, 1),
(20, 0.00, 353.00, 409.48, '2015-02-02 07:30:38', '2015-02-02 07:30:38', NULL, 1),
(21, 0.00, 378.00, 438.48, '2015-02-02 07:30:47', '2015-02-02 07:30:47', NULL, 1),
(22, 0.00, 331.00, 383.96, '2015-02-02 07:31:57', '2015-02-02 07:31:57', NULL, 1),
(23, 0.00, 468.00, 542.88, '2015-02-02 07:32:04', '2015-02-02 07:32:04', NULL, 1),
(24, 0.00, 439.00, 509.24, '2015-02-04 03:16:08', '2015-02-04 03:16:08', NULL, 1),
(25, 0.00, 259.00, 300.44, '2015-02-04 03:16:12', '2015-02-04 03:16:12', NULL, 1),
(26, 0.00, 277.00, 321.32, '2015-02-04 03:16:17', '2015-02-04 03:16:17', NULL, 1),
(27, 0.00, 184.00, 213.44, '2015-02-04 03:26:31', '2015-02-04 03:26:31', NULL, 1),
(28, 0.00, 204.00, 236.64, '2015-02-04 03:28:24', '2015-02-04 03:28:24', NULL, 1),
(29, 0.00, 234.00, 271.44, '2015-02-04 03:28:43', '2015-02-04 03:28:43', NULL, 1),
(30, 0.00, 250.00, 290.00, '2015-02-04 03:29:12', '2015-02-04 03:29:12', NULL, 1),
(31, 0.00, 203.00, 235.48, '2015-02-04 03:36:58', '2015-02-04 03:36:58', NULL, 1),
(32, 0.00, 491.00, 569.56, '2015-02-04 03:42:29', '2015-02-04 03:42:29', NULL, 1),
(33, 0.00, 235.00, 272.60, '2015-02-04 03:42:38', '2015-02-04 03:42:38', NULL, 1),
(34, 0.00, 420.00, 487.20, '2015-02-04 03:42:44', '2015-02-04 03:42:44', NULL, 1),
(35, 0.00, 3394.00, 3937.04, '2015-02-04 04:27:46', '2015-02-04 04:27:46', NULL, 1),
(36, 0.00, 256.00, 296.96, '2015-02-04 04:27:58', '2015-02-04 04:27:58', NULL, 1),
(37, 0.00, 344.00, 399.04, '2015-02-04 04:28:12', '2015-02-04 04:28:12', NULL, 1),
(38, 0.00, 67.00, 77.72, '2015-02-04 07:12:58', '2015-02-04 07:12:58', NULL, 1),
(39, 0.00, 335.00, 388.60, '2015-02-04 07:39:49', '2015-02-04 07:39:49', NULL, 1),
(40, 0.00, 286.00, 331.76, '2015-02-04 07:40:23', '2015-02-04 07:40:23', NULL, 1),
(41, 0.00, 805.00, 933.80, '2015-02-04 07:43:46', '2015-02-04 07:43:46', NULL, 1),
(42, 0.00, 123.00, 142.68, '2015-02-04 07:44:12', '2015-02-04 07:44:12', NULL, 1),
(43, 5.00, 253.00, 278.81, '2015-02-04 09:54:03', '2015-02-04 09:54:03', NULL, 1),
(44, 10.00, 181.00, 188.97, '2015-02-04 09:54:19', '2015-02-04 09:54:19', NULL, 1),
(45, 40.00, 305.00, 212.28, '2015-02-04 09:54:32', '2015-02-04 09:54:32', NULL, 1),
(46, 0.00, 192.00, 222.72, '2015-02-04 10:35:48', '2015-02-04 10:35:48', NULL, 1),
(47, 0.00, 254.00, 294.64, '2015-02-04 10:36:02', '2015-02-04 10:36:02', NULL, 1);

--
-- Índices para tablas volcadas
--

--
-- Indices de la tabla `concepto`
--
ALTER TABLE `concepto`
 ADD KEY `concepto_producto_id_foreign` (`producto_id`), ADD KEY `concepto_venta_id_foreign` (`venta_id`);

--
-- Indices de la tabla `marcas`
--
ALTER TABLE `marcas`
 ADD PRIMARY KEY (`id`);

--
-- Indices de la tabla `productos`
--
ALTER TABLE `productos`
 ADD PRIMARY KEY (`id`), ADD KEY `productos_marca_id_foreign` (`marca_id`);

--
-- Indices de la tabla `usuarios`
--
ALTER TABLE `usuarios`
 ADD PRIMARY KEY (`id`);

--
-- Indices de la tabla `venta`
--
ALTER TABLE `venta`
 ADD PRIMARY KEY (`id`), ADD KEY `venta_user_id_foreign` (`user_id`);

--
-- AUTO_INCREMENT de las tablas volcadas
--

--
-- AUTO_INCREMENT de la tabla `marcas`
--
ALTER TABLE `marcas`
MODIFY `id` int(10) unsigned NOT NULL AUTO_INCREMENT,AUTO_INCREMENT=4;
--
-- AUTO_INCREMENT de la tabla `productos`
--
ALTER TABLE `productos`
MODIFY `id` int(10) unsigned NOT NULL AUTO_INCREMENT,AUTO_INCREMENT=1203;
--
-- AUTO_INCREMENT de la tabla `usuarios`
--
ALTER TABLE `usuarios`
MODIFY `id` int(10) unsigned NOT NULL AUTO_INCREMENT,AUTO_INCREMENT=3;
--
-- AUTO_INCREMENT de la tabla `venta`
--
ALTER TABLE `venta`
MODIFY `id` int(10) unsigned NOT NULL AUTO_INCREMENT,AUTO_INCREMENT=48;
--
-- Restricciones para tablas volcadas
--

--
-- Filtros para la tabla `concepto`
--
ALTER TABLE `concepto`
ADD CONSTRAINT `concepto_producto_id_foreign` FOREIGN KEY (`producto_id`) REFERENCES `productos` (`id`),
ADD CONSTRAINT `concepto_venta_id_foreign` FOREIGN KEY (`venta_id`) REFERENCES `venta` (`id`);

--
-- Filtros para la tabla `productos`
--
ALTER TABLE `productos`
ADD CONSTRAINT `productos_marca_id_foreign` FOREIGN KEY (`marca_id`) REFERENCES `marcas` (`id`) ON DELETE CASCADE ON UPDATE CASCADE;

--
-- Filtros para la tabla `venta`
--
ALTER TABLE `venta`
ADD CONSTRAINT `venta_user_id_foreign` FOREIGN KEY (`user_id`) REFERENCES `usuarios` (`id`);

/*!40101 SET CHARACTER_SET_CLIENT=@OLD_CHARACTER_SET_CLIENT */;
/*!40101 SET CHARACTER_SET_RESULTS=@OLD_CHARACTER_SET_RESULTS */;
/*!40101 SET COLLATION_CONNECTION=@OLD_COLLATION_CONNECTION */;
